Workbook

Sheet Summary
A1: Swarm Intelligence Lab - Assignment 1: PSO Path Planning
A2: Total marks: 20 | Deadline: 05-Oct-2026 | Submit GitHub link to ahsanjaved5000@gmail.com | Subject: SI ASG1 - NAME - ROLLNO
A4: Item | B4: Value | C4: Notes
A5: Student name | B5: =Parameters!B4 -> Your Name | C5: Edit on Parameters sheet
A6: Roll number | B6: =Parameters!B5 -> 12345
A7: Seed used | B7: =Parameters!B5 -> 12345 | C7: random.seed(roll_number)
A8: Grid size | B8: =Parameters!B6&" x "&Parameters!B6 -> 20 x 20
A9: Obstacle cells generated | B9: =Grid!X4 -> 77 | C9: Actual blocked cells after seeding
A10: Actual obstacle density | B10: =Grid!X6 -> 0.1925
A11: Start x | B11: 11 | C11: Cell coordinates (x = column, y = row)
A12: Start y | B12: 5
A13: Goal x | B13: 16
A14: Goal y | B14: 16
A15: Straight-line distance (centre to centre) | B15: =SQRT((B13-B11)^2+(B14-B12)^2) -> 12.083046 | C15: Lower bound ignoring obstacles
A16: Best PSO path length | B16: =Path!D16 -> 14.621363 | C16: Sum of segment lengths (Path sheet)
A17: Collisions in best path | B17: 0 | C17: From run output; 0 = obstacle-free
A18: Feasibility | B18: =IF(B17=0,"OBSTACLE-FREE","NOT feasible") -> OBSTACLE-FREE
A19: BFS grid-optimal steps (4-connected) | B19: 16 | C19: Baseline from run output
A20: PSO shorter than BFS by | B20: =(B19-B16)/B19 -> 0.0861648 | C20: PSO moves in continuous space incl. diagonals
A21: Path stretch vs straight line | B21: =B16/B15 -> 1.2100726 | C21: 1.000 = perfectly straight
A22: Final best fitness | B22: =Convergence!E5 -> 14.621363 | C22: Equals length when collisions = 0
A23: Swarm size x iterations | B23: =Parameters!B9&" x "&Parameters!B10 -> 120 x 300

Sheet Parameters
A1: Problem & PSO Parameters
A2: Blue = editable input (matches pso_path_planning.py). Black = formula. Change inputs and derived values update.
A3: Parameter | B3: Value | C3: Notes
A4: Student name | B4: Your Name | C4: Replace with your name (matches STUDENT_NAME in code)
A5: Roll number = random SEED | B5: 12345 | C5: Placeholder roll number used for the demo run; replace with yours
A6: Grid size N (N x N) | B6: 20 | C6: GRID_SIZE in code
A7: Obstacle density | B7: 0.2 | C7: Fraction of random obstacle draws; OBSTACLE_DENSITY in code
A8: Waypoints per path | B8: 8 | C8: N_WAYPOINTS; each particle = (x,y) per waypoint
A9: Particles (swarm size) | B9: 120 | C9: N_PARTICLES
A10: Iterations | B10: 300 | C10: N_ITERATIONS
A11: Inertia weight w (start) | B11: 0.9 | C11: Decreases linearly to w (end)
A12: Inertia weight w (end) | B12: 0.4
A13: Cognitive coeff c1 | B13: 1.6 | C13: Pull toward personal best
A14: Social coeff c2 | B14: 1.6 | C14: Pull toward global best
A15: Collision penalty | B15: 50 | C15: Cost added per sampled point inside an obstacle
A16: Sample step (grid units) | B16: 0.1 | C16: Resolution of collision checking along each segment
A17: Max independent restarts | B17: 5 | C17: PSO runs (seeded seed+k); stops early once feasible after >=2 runs
A19: Derived values (formulas)
A20: Cells in grid | B20: =B6*B6 -> 400 | C20: N x N
A21: Random obstacle draws | B21: =INT(B7*B6*B6) -> 80 | C21: Draws can overlap, so actual obstacles <= this (see Grid sheet)
A22: PSO search dimension | B22: =2*B8 -> 16 | C22: 2 coordinates per waypoint
A23: Fitness evaluations per run | B23: =B9*(B10+1) -> 36120 | C23: Particles x (iterations + initial evaluation)
A24: Max fitness evaluations (all restarts) | B24: =B23*B17 -> 180600 | C24: Upper bound if all restarts are used
A25: Velocity limit (vmax) | B25: =0.2*B6 -> 4 | C25: 20% of grid size, as in code
A26: Inertia decay per iteration | B26: =(B11-B12)/(B10-1) -> 0.0016722408 | C26: Linear schedule step

Sheet Grid
A1: Generated Grid (seed = 12345)
A2: Black = obstacle (1), S = start (green), G = goal (gold). Row labels = y, column labels = x. Generated by generate_problem(seed).
A3: y \ x | B3: 0 | C3: 1 | D3: 2 | E3: 3 | F3: 4 | G3: 5 | H3: 6 | I3: 7 | J3: 8 | K3: 9 | L3: 10 | M3: 11 | N3: 12 | O3: 13 | P3: 14 | Q3: 15 | R3: 16 | S3: 17 | T3: 18 | U3: 19 | W3: Grid statistics
A4: 19 | B4: 1 | I4: 1 | M4: 1 | U4: 1 | W4: Obstacle cells | X4: =SUM(B4:U23) -> 77
A5: 18 | G5: 1 | I5: 1 | K5: 1 | S5: 1 | T5: 1 | W5: Total cells | X5: =Parameters!B20 -> 400
A6: 17 | B6: 1 | E6: 1 | F6: 1 | J6: 1 | W6: Actual obstacle density | X6: =X4/X5 -> 0.1925
A7: 16 | B7: 1 | E7: 1 | L7: 1 | R7: G | S7: 1 | W7: Free cells | X7: =X5-X4 -> 323
A8: 15 | D8: 1 | F8: 1 | G8: 1 | K8: 1 | L8: 1 | P8: 1 | W8: Start (x, y) | X8: (11, 5)
A9: 14 | B9: 1 | E9: 1 | F9: 1 | K9: 1 | W9: Goal (x, y) | X9: (16, 16)
A10: 13 | C10: 1 | I10: 1 | L10: 1 | N10: 1 | Q10: 1 | T10: 1
A11: 12 | E11: 1 | J11: 1 | P11: 1 | Q11: 1 | S11: 1 | T11: 1
A12: 11 | H12: 1 | I12: 1 | N12: 1 | P12: 1
A13: 10 | I13: 1 | O13: 1 | U13: 1
A14: 9 | B14: 1 | R14: 1 | S14: 1
A15: 8 | B15: 1 | L15: 1 | R15: 1
A16: 7 | D16: 1 | P16: 1 | Q16: 1 | U16: 1
A17: 6 | F17: 1 | J17: 1 | K17: 1 | O17: 1 | U17: 1
A18: 5 | J18: 1 | K18: 1 | M18: S
A19: 4 | L19: 1 | N19: 1
A20: 3 | E20: 1 | F20: 1 | G20: 1 | J20: 1
A21: 2 | O21: 1 | Q21: 1
A22: 1 | M22: 1
A23: 0 | F23: 1 | M23: 1 | N23: 1 | P23: 1 | R23: 1

Sheet Path
A1: Best PSO Path - Waypoints
A2: Waypoints (blue) come from results/result.json. Segment lengths and total are formulas, so total re-checks the reported length.
A4: Point # | B4: x | C4: y | D4: Segment length | E4: Cumulative length | F4: Role
A5: 0 | B5: 11.5 | C5: 5.5 | E5: 0 | F5: Start (cell centre)
A6: 1 | B6: 9.999991 | C6: 8.09253 | D6: =SQRT((B6-B5)^2+(C6-C5)^2) -> 2.9952026 | E6: =E5+D6 -> 2.9952026 | F6: Waypoint
A7: 2 | B7: 9.999986 | C7: 8.848229 | D7: =SQRT((B7-B6)^2+(C7-C6)^2) -> 0.755699 | E7: =E6+D7 -> 3.7509016 | F7: Waypoint
A8: 3 | B8: 10.105744 | C8: 9.151776 | D8: =SQRT((B8-B7)^2+(C8-C7)^2) -> 0.3214429 | E8: =E7+D8 -> 4.0723445 | F8: Waypoint
A9: 4 | B9: 10.237788 | C9: 9.484278 | D9: =SQRT((B9-B8)^2+(C9-C8)^2) -> 0.35776137 | E9: =E8+D9 -> 4.4301059 | F9: Waypoint
A10: 5 | B10: 11.118813 | C10: 11.692828 | D10: =SQRT((B10-B9)^2+(C10-C9)^2) -> 2.3777927 | E10: =E9+D10 -> 6.8078986 | F10: Waypoint
A11: 6 | B11: 12.040045 | C11: 14.000001 | D11: =SQRT((B11-B10)^2+(C11-C10)^2) -> 2.4842938 | E11: =E10+D11 -> 9.2921924 | F11: Waypoint
A12: 7 | B12: 14.075348 | C12: 16.000006 | D12: =SQRT((B12-B11)^2+(C12-C11)^2) -> 2.8535028 | E12: =E11+D12 -> 12.145695 | F12: Waypoint
A13: 8 | B13: 16.266589 | C13: 16.452115 | D13: =SQRT((B13-B12)^2+(C13-C12)^2) -> 2.2373957 | E13: =E12+D13 -> 14.383091 | F13: Waypoint
A14: 9 | B14: 16.5 | C14: 16.5 | D14: =SQRT((B14-B13)^2+(C14-C13)^2) -> 0.23827226 | E14: =E13+D14 -> 14.621363 | F14: Goal (cell centre)
A16: Total path length | D16: =SUM(D6:D14) -> 14.621363
A17: Reported length (result.json) | D17: 14.621363
A18: Check (difference < 0.001) | D18: =IF(ABS(D16-D17)<0.001,"OK","MISMATCH") -> OK
A19: Longest segment | D19: =MAX(D6:D14) -> 2.9952026
A20: Average segment | D20: =AVERAGE(D6:D14) -> 1.6245959

Sheet Convergence
A1: PSO Convergence (best run: run 2, seed = seed + 1)
A3: Iteration | B3: Best fitness | D3: Statistic | E3: Value
A4: 0 | B4: 1631.4782 | D4: Initial best fitness (iter 0) | E4: =B4 -> 1631.4782
A5: 1 | B5: 777.97982 | D5: Final best fitness | E5: =B304 -> 14.621363
A6: 2 | B6: 777.97982 | D6: Total improvement | E6: =E4-E5 -> 1616.8568
A7: 3 | B7: 777.97982 | D7: Improvement % | E7: =IF(E4=0,0,E6/E4) -> 0.99103797
A8: 4 | B8: 777.97982 | D8: First iteration reaching final value | E8: =INDEX(A4:A304,MATCH(E5,B4:B304,0)-0) -> 300
A9: 5 | B9: 777.97982 | D9: Iteration where fitness < 100 (feasible) | E9: =INDEX(A4:A304,MATCH(TRUE(),INDEX(B4:B304<100,0),0)) -> 15
A10: 6 | B10: 777.97982
A11: 7 | B11: 633.32711 | D11: Per-run results (restarts)
A12: 8 | B12: 633.32711 | D12: Run | E12: Final fitness
A13: 9 | B13: 281.01209 | D13: Run 1 | E13: 19.025
A14: 10 | B14: 281.01209 | D14: Run 2 | E14: =E5 -> 14.621363
A15: 11 | B15: 281.01209 | D15: Best of runs | E15: =MIN(E13:E14) -> 14.621363
A16: 12 | B16: 281.01209 | D16: Source: console output in results/output.txt (run 1 value copied from it)
A17: 13 | B17: 281.01209
A18: 14 | B18: 281.01209
A19: 15 | B19: 37.717296
A20: 16 | B20: 37.717296
A21: 17 | B21: 37.717296
A22: 18 | B22: 37.717296
A23: 19 | B23: 37.717296
A24: 20 | B24: 37.717296
A25: 21 | B25: 37.717296
A26: 22 | B26: 37.717296
A27: 23 | B27: 37.717296
A28: 24 | B28: 37.717296
... A304: 300 | B304: 14.621363

Sheet Commits
A1: Git Commit Plan (minimum 5 required)
A2: Created by make_git_history.sh. Set Status to Done as you complete each.
A4: # | B4: Commit message | C4: Files / scope | D4: Status
A5: 1 | B5: Initial setup: README skeleton, requirements, .gitignore | C5: README.md, requirements.txt, .gitignore | D5: Pending
A6: 2 | B6: Add seeded grid, obstacle, start/goal generation with BFS solvability check | C6: pso_path_planning.py (section 1) | D6: Pending
A7: 3 | B7: Add particle encoding (waypoints), collision checking and fitness function | C7: pso_path_planning.py (section 2) | D7: Pending
A8: 4 | B8: Implement PSO core: velocity/position update, pbest/gbest, inertia decay | C8: pso_path_planning.py (section 3) | D8: Pending
A9: 5 | B9: Add matplotlib visualisation, BFS baseline, CLI args and multi-restart | C9: pso_path_planning.py (final) | D9: Pending
A10: 6 | B10: Add results: final path plot, convergence curve, run output | C10: results/ | D10: Pending
A11: 7 | B11: Add flow diagram guide and finalise README | C11: docs/, README.md | D11: Pending
A13: Commits done | D13: =COUNTIF(D5:D11,"Done") -> 0
A14: Requirement met (>= 5 commits)? | D14: =IF(D13>=5,"YES","NOT YET") -> NOT YET

Sheet Checklist
A1: Submission Requirements Checklist
A2: Yellow cells are for you to update. Pre-filled: Done = included in the zip; Pending = you must do it.
A4: Requirement | B4: Status | C4: Where / how
A5: Unique problem generated from roll-number seed (no hardcoding) | B5: Done | C5: generate_problem() in pso_path_planning.py
A6: Replace placeholder name & roll number (code + README) | B6: Pending | C6: STUDENT_NAME, ROLL_NUMBER; then re-run to regenerate results
A7: PSO finds short obstacle-free path | B7: Done | C7: Result: length 14.62, 0 collisions (seed 12345)
A8: Print best path and its length/cost | B8: Done | C8: results/output.txt
A9: Visualise grid, obstacles, start, goal, path | B9: Done | C9: results/final_path.png
A10: Convergence plot | B10: Done | C10: results/convergence.png
A11: README: name, roll no., seed | B11: Pending | C11: Fill in your details in README.md
A12: README: approach description & how to run | B12: Done | C12: README.md
A13: Hand-drawn flow diagram photo embedded in README | B13: Pending | C13: Draw from docs/FLOW_DIAGRAM_GUIDE.md -> docs/flow_diagram.jpg
A14: Public GitHub repo (swarm-pathplanning-rollno) | B14: Pending | C14: Create on GitHub; push main
A15: Minimum 5 meaningful commits | B15: Pending | C15: bash make_git_history.sh (7 commits) -> see Commits sheet
A16: Email repo link, subject 'SI ASG1 - NAME - ROLLNO' | B16: Pending | C16: To ahsanjaved5000@gmail.com before 05-Oct-2026
A18: Items done | B18: =COUNTIF(B5:B16,"Done")&" / "&COUNTA(B5:B16) -> 6 / 12
A19: Completion | B19: =COUNTIF(B5:B16,"Done")/COUNTA(B5:B16) -> 0.5

Sheet Flow
A1: Algorithm Flow (reference for your hand-drawn diagram)
A3: Step | B3: Type | C3: Description
A4: 1. Start | B4: Terminator | C4: Begin
A5: 2. Set seed | B5: Process | C5: seed = roll number (random, numpy and PSO RNG)
A6: 3. Generate problem | B6: Process | C6: N x N grid, random obstacles, random start & goal on free cells
A7: 4. Reachable? (BFS) | B7: Decision | C7: No -> regenerate with same RNG stream; Yes -> continue
A8: 5. Initialise swarm | B8: Process | C8: Particles = waypoints; half near straight line, half random; random velocities
A9: 6. Evaluate fitness | B9: Process | C9: Path = Start + waypoints + Goal; cost = length + penalty x collisions (collision check)
A10: 7. Set pbest / gbest | B10: Process | C10: pbest = own position; gbest = best in swarm
A11: 8. Update w, velocity, position | B11: Process | C11: v = w*v + c1*r1*(pbest-x) + c2*r2*(gbest-x); clip v; x = x + v; clip to grid
A12: 9. Evaluate & update bests | B12: Process | C12: Recompute cost; update pbest and gbest when improved
A13: 10. Iterations left? | B13: Decision | C13: Yes -> back to update step; No -> next
A14: 11. Feasible path (0 collisions)? | B14: Decision | C14: No -> new restart (up to max); Yes -> continue
... A17: 14. End | B17: Terminator | C17: Finish
